alpha,val_ndcg@10
0.2,0.11841311115318791
0.3,0.12514203278088654
0.4,0.12866007453358472
0.5,0.13006010414195848
0.6,0.12840755281493205
0.7,0.12798221395454404
0.8,0.1267617809871027
