alpha,val_ndcg@10
0.15,0.10905319616716695
0.25,0.12283233916345292
0.5,0.13006010414195848
0.85,0.12685023686956146
